INSERT INTO department (dept_id, dept_name) VALUES (1, 'Computer Science');
INSERT INTO department (dept_id, dept_name) VALUES (2, 'Electrical Engineering');
INSERT INTO department (dept_id, dept_name) VALUES (3, 'Mechanical Engineering');
INSERT INTO department (dept_id, dept_name) VALUES (4, 'Civil Engineering');
INSERT INTO department (dept_id, dept_name) VALUES (5, 'Biotechnology');
INSERT INTO department (dept_id, dept_name) VALUES (6, 'Chemical Engineering');
INSERT INTO department (dept_id, dept_name) VALUES (7, 'Information Technology');
INSERT INTO department (dept_id, dept_name) VALUES (8, 'Electronics and Communication');
INSERT INTO department (dept_id, dept_name) VALUES (9, 'Aeronautical Engineering');
INSERT INTO department (dept_id, dept_name) VALUES (10, 'Physics');
INSERT INTO department (dept_id, dept_name) VALUES (11, 'Mathematics');
INSERT INTO department (dept_id, dept_name) VALUES (12, 'Management Studies');
INSERT INTO department (dept_id, dept_name) VALUES (13, 'Architecture');
INSERT INTO department (dept_id, dept_name) VALUES (14, 'Environmental Science');
INSERT INTO department (dept_id, dept_name) VALUES (15, 'Data Science');
INSERT INTO department (dept_id, dept_name) VALUES (16, 'Cyber Security');
INSERT INTO department (dept_id, dept_name) VALUES (17, 'Artificial Intelligence');
INSERT INTO department (dept_id, dept_name) VALUES (18, 'Robotics');
INSERT INTO department (dept_id, dept_name) VALUES (19, 'Design and Innovation');
INSERT INTO department (dept_id, dept_name) VALUES (20, 'Humanities');
INSERT INTO faculty (faculty_id, faculty_name, faculty_email, dept_id) VALUES (1, 'Dr. Anil Sharma', 'sharma.anil@univ.edu', 1);
INSERT INTO faculty (faculty_id, faculty_name, faculty_email, dept_id) VALUES (2, 'Dr. Neha Patel', 'patel.neha@univ.edu', 2);
INSERT INTO faculty (faculty_id, faculty_name, faculty_email, dept_id) VALUES (3, 'Dr. Ramesh Kumar', 'kumar.ramesh@univ.edu', 3);
INSERT INTO faculty (faculty_id, faculty_name, faculty_email, dept_id) VALUES (4, 'Dr. Suman Roy', 'roy.suman@univ.edu', 4);
INSERT INTO faculty (faculty_id, faculty_name, faculty_email, dept_id) VALUES (5, 'Dr. Priya Nair', 'nair.priya@univ.edu', 5);
INSERT INTO faculty (faculty_id, faculty_name, faculty_email, dept_id) VALUES (6, 'Dr. Rajesh Verma', 'verma.rajesh@univ.edu', 6);
INSERT INTO faculty (faculty_id, faculty_name, faculty_email, dept_id) VALUES (7, 'Dr. Kavita Joshi', 'joshi.kavita@univ.edu', 7);
INSERT INTO faculty (faculty_id, faculty_name, faculty_email, dept_id) VALUES (8, 'Dr. Amit Malhotra', 'malhotra.amit@univ.edu', 8);
INSERT INTO faculty (faculty_id, faculty_name, faculty_email, dept_id) VALUES (9, 'Dr. Sneha Iyer', 'iyer.sneha@univ.edu', 9);
INSERT INTO faculty (faculty_id, faculty_name, faculty_email, dept_id) VALUES (10, 'Dr. Ritu Bansal', 'bansal.ritu@univ.edu', 10);
INSERT INTO faculty (faculty_id, faculty_name, faculty_email, dept_id) VALUES (11, 'Dr. Deepak Khanna', 'khanna.deepak@univ.edu', 11);
INSERT INTO faculty (faculty_id, faculty_name, faculty_email, dept_id) VALUES (12, 'Dr. Ashok Rana', 'rana.ashok@univ.edu', 12);
INSERT INTO faculty (faculty_id, faculty_name, faculty_email, dept_id) VALUES (13, 'Dr. Leena George', 'george.leena@univ.edu', 13);
INSERT INTO faculty (faculty_id, faculty_name, faculty_email, dept_id) VALUES (14, 'Dr. Vikas Sethi', 'sethi.vikas@univ.edu', 14);
INSERT INTO faculty (faculty_id, faculty_name, faculty_email, dept_id) VALUES (15, 'Dr. Nisha Gupta', 'gupta.nisha@univ.edu', 15);
INSERT INTO faculty (faculty_id, faculty_name, faculty_email, dept_id) VALUES (16, 'Dr. Pooja Arora', 'arora.pooja@univ.edu', 16);
INSERT INTO faculty (faculty_id, faculty_name, faculty_email, dept_id) VALUES (17, 'Dr. Manish Taneja', 'taneja.manish@univ.edu', 17);
INSERT INTO faculty (faculty_id, faculty_name, faculty_email, dept_id) VALUES (18, 'Dr. Aruna Pillai', 'pillai.aruna@univ.edu', 18);
INSERT INTO faculty (faculty_id, faculty_name, faculty_email, dept_id) VALUES (19, 'Dr. Harpreet Singh', 'singh.harpreet@univ.edu', 19);
INSERT INTO faculty (faculty_id, faculty_name, faculty_email, dept_id) VALUES (20, 'Dr. Rohit Kaul', 'kaul.rohit@univ.edu', 20);
INSERT INTO user (user_id, name, email, password_hash) VALUES (1, 'Aditi Mehra', 'aditi.mehra@gmail.com', 'hash1000');
INSERT INTO user (user_id, name, email, password_hash) VALUES (2, 'Rohit Sinha', 'rohit.sinha@gmail.com', 'hash1001');
INSERT INTO user (user_id, name, email, password_hash) VALUES (3, 'Kavya Menon', 'kavya.menon@gmail.com', 'hash1002');
INSERT INTO user (user_id, name, email, password_hash) VALUES (4, 'Arjun Das', 'arjun.das@gmail.com', 'hash1003');
INSERT INTO user (user_id, name, email, password_hash) VALUES (5, 'Nisha Rao', 'nisha.rao@gmail.com', 'hash1004');
INSERT INTO user (user_id, name, email, password_hash) VALUES (6, 'Harsh Kapoor', 'harsh.kapoor@gmail.com', 'hash1005');
INSERT INTO user (user_id, name, email, password_hash) VALUES (7, 'Tanya Verma', 'tanya.verma@gmail.com', 'hash1006');
INSERT INTO user (user_id, name, email, password_hash) VALUES (8, 'Deepak Mehta', 'deepak.mehta@gmail.com', 'hash1007');
INSERT INTO user (user_id, name, email, password_hash) VALUES (9, 'Riya Jain', 'riya.jain@gmail.com', 'hash1008');
INSERT INTO user (user_id, name, email, password_hash) VALUES (10, 'Mohit Ahuja', 'mohit.ahuja@gmail.com', 'hash1009');
INSERT INTO user (user_id, name, email, password_hash) VALUES (11, 'Sneha Thakur', 'sneha.thakur@gmail.com', 'hash1010');
INSERT INTO user (user_id, name, email, password_hash) VALUES (12, 'Aman Gill', 'aman.gill@gmail.com', 'hash1011');
INSERT INTO user (user_id, name, email, password_hash) VALUES (13, 'Shreya Bhat', 'shreya.bhat@gmail.com', 'hash1012');
INSERT INTO user (user_id, name, email, password_hash) VALUES (14, 'Karan Joshi', 'karan.joshi@gmail.com', 'hash1013');
INSERT INTO user (user_id, name, email, password_hash) VALUES (15, 'Meena Sharma', 'meena.sharma@gmail.com', 'hash1014');
INSERT INTO user (user_id, name, email, password_hash) VALUES (16, 'Ankit Gupta', 'ankit.gupta@gmail.com', 'hash1015');
INSERT INTO user (user_id, name, email, password_hash) VALUES (17, 'Reena Paul', 'reena.paul@gmail.com', 'hash1016');
INSERT INTO user (user_id, name, email, password_hash) VALUES (18, 'Adarsh Nair', 'adarsh.nair@gmail.com', 'hash1017');
INSERT INTO user (user_id, name, email, password_hash) VALUES (19, 'Manav Jain', 'manav.jain@gmail.com', 'hash1018');
INSERT INTO user (user_id, name, email, password_hash) VALUES (20, 'Neelam Roy', 'neelam.roy@gmail.com', 'hash1019');
INSERT INTO venue (venue_id, name, address, capacity) VALUES (1, 'Main Auditorium', 'Block A, University Campus', 500);
INSERT INTO venue (venue_id, name, address, capacity) VALUES (2, 'Seminar Hall 1', 'Block B, 2nd Floor', 120);
INSERT INTO venue (venue_id, name, address, capacity) VALUES (3, 'Seminar Hall 2', 'Block C, 1st Floor', 100);
INSERT INTO venue (venue_id, name, address, capacity) VALUES (4, 'Conference Room', 'Admin Block', 80);
INSERT INTO venue (venue_id, name, address, capacity) VALUES (5, 'Sports Ground', 'East Campus', 1000);
INSERT INTO venue (venue_id, name, address, capacity) VALUES (6, 'Innovation Lab', 'Block D', 60);
INSERT INTO venue (venue_id, name, address, capacity) VALUES (7, 'Library Hall', 'Central Building', 150);
INSERT INTO venue (venue_id, name, address, capacity) VALUES (8, 'Tech Park', 'North Campus', 400);
INSERT INTO venue (venue_id, name, address, capacity) VALUES (9, 'Open Amphitheatre', 'Central Lawn', 700);
INSERT INTO venue (venue_id, name, address, capacity) VALUES (10, 'Startup Hub', 'Block E', 200);
INSERT INTO venue (venue_id, name, address, capacity) VALUES (11, 'Lecture Hall 101', 'Block F', 90);
INSERT INTO venue (venue_id, name, address, capacity) VALUES (12, 'Mini Auditorium', 'Block G', 250);
INSERT INTO venue (venue_id, name, address, capacity) VALUES (13, 'Cultural Stage', 'South Campus', 800);
INSERT INTO venue (venue_id, name, address, capacity) VALUES (14, 'Robotics Lab', 'Block H', 50);
INSERT INTO venue (venue_id, name, address, capacity) VALUES (15, 'Faculty Lounge', 'Admin Floor 3', 40);
INSERT INTO venue (venue_id, name, address, capacity) VALUES (16, 'Computer Lab', 'Block I', 70);
INSERT INTO venue (venue_id, name, address, capacity) VALUES (17, 'Design Studio', 'Block J', 120);
INSERT INTO venue (venue_id, name, address, capacity) VALUES (18, 'Exhibition Hall', 'Block K', 300);
INSERT INTO venue (venue_id, name, address, capacity) VALUES (19, 'Training Room', 'Block L', 60);
INSERT INTO venue (venue_id, name, address, capacity) VALUES (20, 'Conference Hall 2', 'Admin Wing', 150);
INSERT INTO eventtype (type_id, type_name) VALUES (1, 'Workshop');
INSERT INTO eventtype (type_id, type_name) VALUES (2, 'Seminar');
INSERT INTO eventtype (type_id, type_name) VALUES (3, 'Conference');
INSERT INTO eventtype (type_id, type_name) VALUES (4, 'Cultural Fest');
INSERT INTO eventtype (type_id, type_name) VALUES (5, 'Technical Fest');
INSERT INTO eventtype (type_id, type_name) VALUES (6, 'Webinar');
INSERT INTO eventtype (type_id, type_name) VALUES (7, 'Hackathon');
INSERT INTO eventtype (type_id, type_name) VALUES (8, 'Guest Lecture');
INSERT INTO eventtype (type_id, type_name) VALUES (9, 'Training Program');
INSERT INTO eventtype (type_id, type_name) VALUES (10, 'Alumni Meet');
INSERT INTO eventtype (type_id, type_name) VALUES (11, 'Sports Meet');
INSERT INTO eventtype (type_id, type_name) VALUES (12, 'Startup Pitch');
INSERT INTO eventtype (type_id, type_name) VALUES (13, 'Coding Contest');
INSERT INTO eventtype (type_id, type_name) VALUES (14, 'Debate Competition');
INSERT INTO eventtype (type_id, type_name) VALUES (15, 'Quiz Competition');
INSERT INTO eventtype (type_id, type_name) VALUES (16, 'Symposium');
INSERT INTO eventtype (type_id, type_name) VALUES (17, 'Project Exhibition');
INSERT INTO eventtype (type_id, type_name) VALUES (18, 'Awareness Campaign');
INSERT INTO eventtype (type_id, type_name) VALUES (19, 'Faculty Development Program');
INSERT INTO eventtype (type_id, type_name) VALUES (20, 'Orientation Program');
INSERT INTO event (event_id, name, description, start_date, end_date, venue_id, type_id) VALUES (1, 'AI Workshop', 'Hands-on session on AI tools and models', '2025-01-15 10:00', '2025-01-15 17:00', 1, 1);
INSERT INTO event (event_id, name, description, start_date, end_date, venue_id, type_id) VALUES (2, 'Data Science Seminar', 'Talks on current data analytics trends', '2025-02-05 09:00', '2025-02-05 13:00', 2, 2);
INSERT INTO event (event_id, name, description, start_date, end_date, venue_id, type_id) VALUES (3, 'National Conference on Robotics', 'Experts discuss robotic automation', '2025-03-01 09:00', '2025-03-03 18:00', 3, 3);
INSERT INTO event (event_id, name, description, start_date, end_date, venue_id, type_id) VALUES (4, 'Cultural Fest 2025', 'Annual university cultural event', '2025-04-20 10:00', '2025-04-22 22:00', 4, 4);
INSERT INTO event (event_id, name, description, start_date, end_date, venue_id, type_id) VALUES (5, 'TechX Innovation Fest', 'Showcase of student projects and start-ups', '2025-05-10 09:00', '2025-05-12 18:00', 5, 5);
INSERT INTO event (event_id, name, description, start_date, end_date, venue_id, type_id) VALUES (6, 'Cybersecurity Webinar', 'Online event on cyber safety', '2025-06-18 14:00', '2025-06-18 17:00', 6, 6);
INSERT INTO event (event_id, name, description, start_date, end_date, venue_id, type_id) VALUES (7, 'Smart India Hackathon', '48-hour coding event', '2025-07-01 09:00', '2025-07-03 21:00', 7, 7);
INSERT INTO event (event_id, name, description, start_date, end_date, venue_id, type_id) VALUES (8, 'Guest Lecture by ISRO Scientist', 'Space technology and research', '2025-07-25 11:00', '2025-07-25 13:00', 8, 8);
INSERT INTO event (event_id, name, description, start_date, end_date, venue_id, type_id) VALUES (9, 'Training Program on Python', 'Basics to advanced Python training', '2025-08-05 09:00', '2025-08-10 17:00', 9, 9);
INSERT INTO event (event_id, name, description, start_date, end_date, venue_id, type_id) VALUES (10, 'Alumni Meet 2025', 'Reunion of old students and faculty', '2025-09-15 18:00', '2025-09-15 23:00', 10, 10);
INSERT INTO event (event_id, name, description, start_date, end_date, venue_id, type_id) VALUES (11, 'Intercollege Sports Meet', 'Annual sports competition', '2025-10-01 08:00', '2025-10-05 18:00', 11, 11);
INSERT INTO event (event_id, name, description, start_date, end_date, venue_id, type_id) VALUES (12, 'Startup Pitch 2025', 'Budding entrepreneurs present ideas', '2025-10-15 09:00', '2025-10-15 17:00', 12, 12);
INSERT INTO event (event_id, name, description, start_date, end_date, venue_id, type_id) VALUES (13, 'CodeSprint 3.0', 'University-wide coding competition', '2025-11-01 10:00', '2025-11-02 20:00', 13, 13);
INSERT INTO event (event_id, name, description, start_date, end_date, venue_id, type_id) VALUES (14, 'Interdepartment Debate', 'Debate contest on AI ethics', '2025-11-10 14:00', '2025-11-10 17:00', 14, 14);
INSERT INTO event (event_id, name, description, start_date, end_date, venue_id, type_id) VALUES (15, 'QuizFiesta 2025', 'General and tech quiz', '2025-11-18 11:00', '2025-11-18 15:00', 15, 15);
INSERT INTO event (event_id, name, description, start_date, end_date, venue_id, type_id) VALUES (16, 'Tech Symposium', 'Presentation of latest research papers', '2025-12-05 09:00', '2025-12-06 17:00', 16, 16);
INSERT INTO event (event_id, name, description, start_date, end_date, venue_id, type_id) VALUES (17, 'Project Expo 2025', 'Student projects across all branches', '2025-12-12 10:00', '2025-12-12 18:00', 17, 17);
INSERT INTO event (event_id, name, description, start_date, end_date, venue_id, type_id) VALUES (18, 'Health Awareness Campaign', 'Promoting mental and physical wellness', '2025-12-20 09:00', '2025-12-20 15:00', 18, 18);
INSERT INTO event (event_id, name, description, start_date, end_date, venue_id, type_id) VALUES (19, 'FDP on Cloud Computing', 'Faculty training program on cloud tech', '2025-12-27 09:00', '2025-12-29 17:00', 19, 19);
INSERT INTO event (event_id, name, description, start_date, end_date, venue_id, type_id) VALUES (20, 'Orientation Week', 'Induction for first-year students', '2025-12-30 09:00', '2026-01-03 16:00', 20, 20);
INSERT INTO registration (registration_id, user_id, event_id, registration_date) VALUES (1, 1, 1, '2024-12-25');
INSERT INTO registration (registration_id, user_id, event_id, registration_date) VALUES (2, 1, 2, '2025-01-10');
INSERT INTO registration (registration_id, user_id, event_id, registration_date) VALUES (3, 1, 3, '2025-02-25');
INSERT INTO registration (registration_id, user_id, event_id, registration_date) VALUES (4, 1, 4, '2025-04-01');
INSERT INTO registration (registration_id, user_id, event_id, registration_date) VALUES (5, 1, 5, '2025-04-30');
INSERT INTO registration (registration_id, user_id, event_id, registration_date) VALUES (6, 1, 6, '2025-05-30');
INSERT INTO registration (registration_id, user_id, event_id, registration_date) VALUES (7, 2, 7, '2025-06-25');
INSERT INTO registration (registration_id, user_id, event_id, registration_date) VALUES (8, 2, 8, '2025-07-15');
INSERT INTO registration (registration_id, user_id, event_id, registration_date) VALUES (9, 2, 9, '2025-07-30');
INSERT INTO registration (registration_id, user_id, event_id, registration_date) VALUES (10, 2, 10, '2025-08-20');
INSERT INTO registration (registration_id, user_id, event_id, registration_date) VALUES (11, 2, 11, '2025-09-20');
INSERT INTO registration (registration_id, user_id, event_id, registration_date) VALUES (12, 1, 12, '2025-10-10');
INSERT INTO registration (registration_id, user_id, event_id, registration_date) VALUES (13, 2, 13, '2025-10-25');
INSERT INTO registration (registration_id, user_id, event_id, registration_date) VALUES (14, 3, 14, '2025-11-05');
INSERT INTO registration (registration_id, user_id, event_id, registration_date) VALUES (15, 2, 15, '2025-11-12');
INSERT INTO registration (registration_id, user_id, event_id, registration_date) VALUES (16, 3, 16, '2025-11-25');
INSERT INTO registration (registration_id, user_id, event_id, registration_date) VALUES (17, 3, 17, '2025-12-02');
INSERT INTO registration (registration_id, user_id, event_id, registration_date) VALUES (18, 2, 18, '2025-12-10');
INSERT INTO registration (registration_id, user_id, event_id, registration_date) VALUES (19, 3, 19, '2025-12-20');
INSERT INTO registration (registration_id, user_id, event_id, registration_date) VALUES (20, 1, 20, '2025-12-28');
INSERT INTO event_coordinator (event_id, faculty_id) VALUES (1, 1);
INSERT INTO event_coordinator (event_id, faculty_id) VALUES (2, 1);
INSERT INTO event_coordinator (event_id, faculty_id) VALUES (3, 1);
INSERT INTO event_coordinator (event_id, faculty_id) VALUES (4, 2);
INSERT INTO event_coordinator (event_id, faculty_id) VALUES (5, 2);
INSERT INTO event_coordinator (event_id, faculty_id) VALUES (6, 2);
INSERT INTO event_coordinator (event_id, faculty_id) VALUES (7, 3);
INSERT INTO event_coordinator (event_id, faculty_id) VALUES (8, 1);
INSERT INTO event_coordinator (event_id, faculty_id) VALUES (9, 4);
INSERT INTO event_coordinator (event_id, faculty_id) VALUES (10, 4);
INSERT INTO event_coordinator (event_id, faculty_id) VALUES (11, 2);
INSERT INTO event_coordinator (event_id, faculty_id) VALUES (12, 3);
INSERT INTO event_coordinator (event_id, faculty_id) VALUES (13, 2);
INSERT INTO event_coordinator (event_id, faculty_id) VALUES (14, 1);
INSERT INTO event_coordinator (event_id, faculty_id) VALUES (15, 3);
INSERT INTO event_coordinator (event_id, faculty_id) VALUES (16, 2);
INSERT INTO event_coordinator (event_id, faculty_id) VALUES (17, 4);
INSERT INTO event_coordinator (event_id, faculty_id) VALUES (18, 2);
INSERT INTO event_coordinator (event_id, faculty_id) VALUES (19, 2);
INSERT INTO event_coordinator (event_id, faculty_id) VALUES (20, 3);
INSERT INTO sponsor (sponsor_id, company_name, contact_email, event_id) VALUES (1, 'TechNova Pvt Ltd', 'contact@technova.com', 1);
INSERT INTO sponsor (sponsor_id, company_name, contact_email, event_id) VALUES (2, 'DataEdge Analytics', 'hello@dataedge.com', 2);
INSERT INTO sponsor (sponsor_id, company_name, contact_email, event_id) VALUES (3, 'RoboCorp India', 'info@robocorp.in', 3);
INSERT INTO sponsor (sponsor_id, company_name, contact_email, event_id) VALUES (4, 'CultureHub', 'support@culturehub.org', 4);
INSERT INTO sponsor (sponsor_id, company_name, contact_email, event_id) VALUES (5, 'InnovateX', 'info@innovatex.co', 5);
INSERT INTO sponsor (sponsor_id, company_name, contact_email, event_id) VALUES (6, 'CyberShield', 'connect@cybershield.com', 6);
INSERT INTO sponsor (sponsor_id, company_name, contact_email, event_id) VALUES (7, 'CodeCrush', 'team@codecrush.io', 7);
INSERT INTO sponsor (sponsor_id, company_name, contact_email, event_id) VALUES (8, 'ISRO', 'outreach@isro.gov.in', 8);
INSERT INTO sponsor (sponsor_id, company_name, contact_email, event_id) VALUES (9, 'Python Software Foundation', 'psf@python.org', 9);
INSERT INTO sponsor (sponsor_id, company_name, contact_email, event_id) VALUES (10, 'Alumni Network India', 'alumni@univconnect.in', 10);
INSERT INTO sponsor (sponsor_id, company_name, contact_email, event_id) VALUES (11, 'SportsGear Ltd', 'gear@sportsgear.com', 11);
INSERT INTO sponsor (sponsor_id, company_name, contact_email, event_id) VALUES (12, 'Startup India', 'info@startupindia.gov.in', 12);
INSERT INTO sponsor (sponsor_id, company_name, contact_email, event_id) VALUES (13, 'DevSprint', 'events@devsprint.io', 13);
INSERT INTO sponsor (sponsor_id, company_name, contact_email, event_id) VALUES (14, 'Debatorz', 'debate@debatorz.in', 14);
INSERT INTO sponsor (sponsor_id, company_name, contact_email, event_id) VALUES (15, 'QuizTime', 'hello@quiztime.in', 15);
INSERT INTO sponsor (sponsor_id, company_name, contact_email, event_id) VALUES (16, 'TechForum Global', 'global@techforum.org', 16);
INSERT INTO sponsor (sponsor_id, company_name, contact_email, event_id) VALUES (17, 'MakerHub', 'makerhub@innovate.com', 17);
INSERT INTO sponsor (sponsor_id, company_name, contact_email, event_id) VALUES (18, 'FitLife NGO', 'care@fitlife.org', 18);
INSERT INTO sponsor (sponsor_id, company_name, contact_email, event_id) VALUES (19, 'CloudNet Pvt Ltd', 'admin@cloudnet.in', 19);
INSERT INTO sponsor (sponsor_id, company_name, contact_email, event_id) VALUES (20, 'FreshStart Pvt Ltd', 'welcome@freshstart.com', 20);
INSERT INTO feedback (feedback_id, rating, submission_date, registration_id) VALUES (1, 5, '2025-01-16', 1);
INSERT INTO feedback (feedback_id, rating, submission_date, registration_id) VALUES (2, 4, '2025-02-06', 2);
INSERT INTO feedback (feedback_id, rating, submission_date, registration_id) VALUES (3, 5, '2025-03-04', 3);
INSERT INTO feedback (feedback_id, rating, submission_date, registration_id) VALUES (4, 5, '2025-04-23', 4);
INSERT INTO feedback (feedback_id, rating, submission_date, registration_id) VALUES (5, 4, '2025-05-13', 5);
INSERT INTO feedback (feedback_id, rating, submission_date, registration_id) VALUES (6, 5, '2025-06-19', 6);
INSERT INTO feedback (feedback_id, rating, submission_date, registration_id) VALUES (7, 5, '2025-07-04', 7);
INSERT INTO feedback (feedback_id, rating, submission_date, registration_id) VALUES (8, 4, '2025-07-26', 8);
INSERT INTO feedback (feedback_id, rating, submission_date, registration_id) VALUES (9, 5, '2025-08-11', 9);
INSERT INTO feedback (feedback_id, rating, submission_date, registration_id) VALUES (10, 5, '2025-09-16', 10);
INSERT INTO feedback (feedback_id, rating, submission_date, registration_id) VALUES (11, 4, '2025-10-06', 11);
INSERT INTO feedback (feedback_id, rating, submission_date, registration_id) VALUES (12, 5, '2025-10-16', 12);
INSERT INTO feedback (feedback_id, rating, submission_date, registration_id) VALUES (13, 5, '2025-11-03', 13);
INSERT INTO feedback (feedback_id, rating, submission_date, registration_id) VALUES (14, 3, '2025-11-11', 14);
INSERT INTO feedback (feedback_id, rating, submission_date, registration_id) VALUES (15, 4, '2025-11-19', 15);
INSERT INTO feedback (feedback_id, rating, submission_date, registration_id) VALUES (16, 5, '2025-12-06', 16);
INSERT INTO feedback (feedback_id, rating, submission_date, registration_id) VALUES (17, 5, '2025-12-13', 17);
INSERT INTO feedback (feedback_id, rating, submission_date, registration_id) VALUES (18, 4, '2025-12-21', 18);
INSERT INTO feedback (feedback_id, rating, submission_date, registration_id) VALUES (19, 5, '2025-12-29', 19);
INSERT INTO feedback (feedback_id, rating, submission_date, registration_id) VALUES (20, 4, '2026-01-04', 20);